n,Topologia,Nodos_Generados,Nodos_Podados,Tiempo_s
10,aleatorio,348,168,4e-06
12,aleatorio,442,214,4e-06
14,aleatorio,668,326,6e-06
16,aleatorio,2300,1144,1.6e-05
18,aleatorio,6662,3324,4.3e-05
20,aleatorio,5608,2796,4.4e-05
22,aleatorio,6766,3376,5.4e-05
24,aleatorio,12306,6146,0.000106
26,aleatorio,17474,8729,0.000133
28,aleatorio,30130,15058,0.000202
30,aleatorio,34624,17303,0.000245
10,arbol,208,98,2e-06
12,arbol,540,262,6e-06
14,arbol,1702,842,1.2e-05
16,arbol,6734,3357,3.1e-05
18,arbol,4112,2045,2e-05
20,arbol,11760,5868,6.3e-05
22,arbol,35846,17909,0.000181
24,arbol,43420,21695,0.000199
26,arbol,101476,50721,0.000416
28,arbol,38468,19216,0.000194
30,arbol,298656,149309,0.001382
